,lev,npr,size,tang,growth,ndts,soe
lev,,0.16145686282040955,1.3150719285006228e-07,6.412186101062603e-11,0.004911490032786138,9.74336029415897e-10,
npr,0.16145686282040955,,0.09842417701136304,0.5459305378286241,0.8590343614056466,0.8488556888204798,
size,1.3150719285006228e-07,0.09842417701136304,,0.11731567738137745,0.49852105678346,0.017885289835159798,
tang,6.412186101062603e-11,0.5459305378286241,0.11731567738137745,,0.15001351681566494,2.907767480976911e-84,
growth,0.004911490032786138,0.8590343614056466,0.49852105678346,0.15001351681566494,,0.1465362984442573,
ndts,9.74336029415897e-10,0.8488556888204798,0.017885289835159798,2.907767480976911e-84,0.1465362984442573,,
soe,,,,,,,
